  BANCO   : 399 - KIRTON BANK S.A.- BANCO MULTIPLO|||
|||
AGENCIA  | TITULO  | UF| PRACA DE PAGAMENTO 
3|URB MAL DEODORO|PR|CURITIBA
4|ANDIRA|PR|ANDIRA
5|CTO PONTA GROSSA|PR|PONTA GROSSA
6|WENCESLAU BRAZ|PR|WENCESLAU BRAZ
7|URB PORTAO|PR|CURITIBA
8|PINHAO|PR|PINHAO
10|QUATIGUA|PR|QUATIGUA
11|STO ANTONIO PLATINA|PR|SANTO ANTONIO DA P
12|NOVA OLIMPIA|PR|NOVA OLIMPIA
13|RIBEIRAO CLARO|PR|RIBEIRAO CLARO
15|IBAITI|PR|IBAITI
16|CAMPO MOURAO|PR|CAMPO MOURAO
17|IMBITUVA|PR|IMBITUVA
18|IRETAMA|PR|IRETAMA
19|CAMBARA|PR|CAMBARA
20|RIO BRANCO DO SUL|PR|RIO BRANCO DO SUL
21|COLOMBO|PR|COLOMBO
22|CRUZEIRO DO OESTE|PR|CRUZEIRO DO OESTE
24|CONTENDA|PR|CONTENDA
25|FAXINAL|PR|FAXINAL
26|CTO S JOSE PINHAIS|PR|SAO JOSE DOS PINHA
27|CTO FOZ DO IGUACU|PR|FOZ DO IGUACU
28|SIQUEIRA CAMPOS|PR|SIQUEIRA CAMPOS
29|CAMPO LARGO|PR|CAMPO LARGO
30|ARARUNA|PR|ARARUNA
31|ARAUCARIA|PR|ARAUCARIA
32|CTO CASCAVEL|PR|CASCAVEL
33|TOMAZINA|PR|TOMAZINA
34|ENGENHEIRO BELTRAO|PR|ENGENHEIRO BELTRAO
35|CIANORTE|PR|CIANORTE
36|CTO MARINGA|PR|MARINGA
38|URB CDOR ARAUJO|PR|CURITIBA
39|JOAQUIM TAVORA|PR|JOAQUIM TAVORA
40|TERRA BOA|PR|TERRA BOA
41|JACAREZINHO|PR|JACAREZINHO
43|PARANAVAI|PR|PARANAVAI
44|DIAMANTE DO NORTE|PR|DIAMANTE DO NORTE
45|JATAIZINHO|PR|JATAIZINHO
46|NOVA LONDRINA|PR|NOVA LONDRINA
47|FRANCISCO BELTRAO|PR|FRANCISCO BELTRAO
48|PATO BRANCO|PR|PATO BRANCO
49|ARAPOTI|PR|ARAPOTI
50|ALVORADA|RS|ALVORADA
51|MATINHOS|PR|MATINHOS
52|RONDON|PR|RONDON
53|PARANAGUA|PR|PARANAGUA
54|URB AVENIDA|PR|CURITIBA
55|CONGONHINHAS|PR|CONGONHINHAS
56|GUAIRA|PR|GUAIRA
57|LOANDA|PR|LOANDA
58|URB MERCES|PR|CURITIBA
59|ITAMBE|PR|ITAMBE
60|ASSIS CHATEAUBRIAND|PR|ASSIS CHATEAUBRIAN
61|MAL CANDIDO RONDON|PR|MARECHAL CANDIDO R
62|UNIAO DA VITORIA|PR|UNIAO DA VITORIA
63|UMUARAMA|PR|UMUARAMA
64|TERRA RICA|PR|TERRA RICA
66|TOLEDO|PR|TOLEDO
67|GUARATUBA|PR|GUARATUBA
68|IRATI|PR|IRATI
69|GUARAPUAVA|PR|GUARAPUAVA
70|INDIANOPOLIS|PR|INDIANOPOLIS
71|TAPEJARA|PR|TAPEJARA
73|IPORA|PR|IPORA
74|STA CECILIA PAVAO|PR|SANTA CECILIA DO P
75|CIDADE GAUCHA|PR|CIDADE GAUCHA
77|URB NOVA RUSSIA|PR|PONTA GROSSA
78|URB JOAO NEGRAO|PR|CURITIBA
79|CARLOPOLIS|PR|CARLOPOLIS
80|CEL VIVIDA|PR|CORONEL VIVIDA
81|URB BACACHERI|PR|CURITIBA
82|CTO LONDRINA|PR|LONDRINA
83|DOIS VIZINHOS|PR|DOIS VIZINHOS
84|CAPANEMA|PR|CAPANEMA
85|MAMBORE|PR|MAMBORE
86|LARANJEIRAS DO SUL|PR|LARANJEIRAS DO SUL
87|UBIRATA|PR|UBIRATA
88|CENTRO BELO HORIZONTE|MG|BELO HORIZONTE
89|TELEMACO BORBA|PR|TELEMACO BORBA
90|MEDIANEIRA|PR|MEDIANEIRA
91|PEROLA|PR|PEROLA
92|FORMOSA DO OESTE|PR|FORMOSA DO OESTE
93|CHOPINZINHO|PR|CHOPINZINHO
94|URB NOVO MUNDO|PR|CURITIBA
95|PEROBAL|PR|PEROBAL
96|APUCARANA|PR|APUCARANA
97|ALTO PARANA|PR|ALTO PARANA
98|CEU AZUL|PR|CEU AZUL
99|URB MAL FLORIANO|PR|CURITIBA
100|DOURADINA DO PARANA|PR|DOURADINA
101|ARAPONGAS|PR|ARAPONGAS
103|IVAIPORA|PR|IVAIPORA
104|ALTONIA|PR|ALTONIA
105|BARBOSA FERRAZ|PR|BARBOSA FERRAZ
106|CAMPINA DA LAGOA|PR|CAMPINA DA LAGOA
107|URB ALTO DA RUA XV|PR|CURITIBA
108|CASTRO|PR|CASTRO
109|CORBELIA|PR|CORBELIA
110|CURIUVA|PR|CURIUVA
111|GUARANIACU|PR|GUARANIACU
113|PREFEITURA DE BARBALHA|CE|BARBALHA
114|MARMELEIRO|PR|MARMELEIRO
115|MATELANDIA|PR|MATELANDIA
116|NOVA AURORA|PR|NOVA AURORA
117|REALEZA|PR|REALEZA
118|STO ANTONIO SUDOESTE|PR|SANTO ANTONIO DO S
119|URB PAROLIN|PR|CURITIBA
121|CENTRAL|PR|CURITIBA
123|URB JOAO NEGRAO CTBA|PR|CURITIBA
124|URB BRASILIO ITIBERE|PR|CURITIBA
125|URB CTO CIVICO|PR|CURITIBA
127|CENTRO BALNEARIO CAMBORIU|SC|BALNEARIO CAMBORIU
128|CTO BLUMENAU|SC|BLUMENAU
129|CACADOR|SC|CACADOR
130|CHAPECO|SC|CHAPECO
131|CORUPA|SC|CORUPA
132|CRICIUMA|SC|CRICIUMA
133|CURITIBANOS|SC|CURITIBANOS
134|CTO FLORIANOPOLIS|SC|FLORIANOPOLIS
135|URB ESTREITO|SC|FLORIANOPOLIS
136|NAO ME TOQUE|RS|NAO-ME-TOQUE
137|GUARAMIRIM|SC|GUARAMIRIM
138|INDAIAL|SC|INDAIAL
139|ITAJAI|SC|ITAJAI
140|JOACABA|SC|JOACABA
141|CTO JOINVILLE|SC|JOINVILLE
142|CTO LAGES|SC|LAGES
143|URB CORAL|SC|LAGES
144|MAFRA|SC|MAFRA
146|PICARRAS|SC|BALNEARIO PICARRAS
147|POMERODE|SC|POMERODE
148|RIO DO SUL|SC|RIO DO SUL
149|STA CECILIA|SC|SANTA CECILIA
150|S LOURENCO DO OESTE|SC|SAO LOURENCO DO OE
151|TUBARAO|SC|TUBARAO
152|URB JUVEVE|PR|CURITIBA
153|CARAZINHO|RS|CARAZINHO
154|CRUZ ALTA|RS|CRUZ ALTA
155|PASSO FUNDO|RS|PASSO FUNDO
156|PELOTAS|RS|PELOTAS
157|CTO PORTO ALEGRE|RS|PORTO ALEGRE
158|URB AZENHA|RS|PORTO ALEGRE
159|RIO GRANDE|RS|RIO GRANDE
160|CTO STA MARIA|RS|SANTA MARIA
161|STO ANGELO|RS|SANTO ANGELO
162|VACARIA|RS|VACARIA
164|CHAPADA|RS|CHAPADA
166|APIAI|SP|APIAI
167|CTO ARACAJU|SE|ARACAJU
168|BOITUVA|SP|BOITUVA
169|BURI|SP|BURI
170|CAPAO BONITO|SP|CAPAO BONITO
171|CARAPICUIBA|SP|CARAPICUIBA
172|CESARIO LANGE|SP|CESARIO LANGE
174|EMBU DAS ARTES|SP|EMBU DAS ARTES
175|GUAPIARA|SP|GUAPIARA
176|OGMO SAO FRANCISCO DO SUL|SC|SAO FRANCISCO DO S
177|IBIUNA|SP|IBIUNA
178|IGUAPE|SP|IGUAPE
179|PAB PEUGEOT CITROEN DO BRASIL|RJ|PORTO REAL
180|ITAI|SP|ITAI
181|ITANHAEM|SP|ITANHAEM
182|ITAPORANGA|SP|ITAPORANGA
183|URB MOINHOS DE VENTO|RS|PORTO ALEGRE
184|CAJATI|SP|CAJATI
185|CTO JUNDIAI|SP|JUNDIAI
186|PALOTINA|PR|PALOTINA
187|GARIBALDI|RS|GARIBALDI
188|MAIRINQUE|SP|MAIRINQUE
189|MAUA|SP|MAUA
190|KLABIN S.A.|PE|GOIANA
192|ELETRONICA SELENIUM|RS|NOVA SANTA RITA
193|PAULINIA|SP|PAULINIA
194|PEDRINHAS PAULISTA|SP|PEDRINHAS PAULISTA
195|PILAR DO SUL|SP|PILAR DO SUL
196|KRAFT FOODS BRASIL LTDA|PE|VITORIA DE SANTO A
198|CTO GUARULHOS|SP|GUARULHOS
199|REGISTRO|SP|REGISTRO
200|RIBEIRAO PIRES|SP|RIBEIRAO PIRES
201|SALTO DE PIRAPORA|SP|SALTO DE PIRAPORA
202|STA ALBERTINA|SP|SANTA ALBERTINA
204|CTO STO ANDRE|SP|SANTO ANDRE
205|URB PRQ DAS NACOES|SP|SANTO ANDRE
206|URB CAPELA SOCORRO|SP|SAO PAULO
207|CTO SANTOS|SP|SANTOS
208|CTO S BERNARDO CAMPO|SP|SAO BERNARDO DO CA
209|CTO S CAETANO DO SUL|SP|SAO CAETANO DO SUL
210|URB FUNDACAO|SP|SAO CAETANO DO SUL
211|URB V GERTY|SP|SAO CAETANO DO SUL
213|URB PC DA REPUBLICA|SP|SAO PAULO
215|URB BROOKLIN|SP|SAO PAULO
216|URB ERM MATARAZZO|SP|SAO PAULO
217|URB GUAIANAZES|SP|SAO PAULO
218|URB IPIRANGA|SP|SAO PAULO
219|URB N SRA DA LAPA|SP|SAO PAULO
220|URB PERUS|SP|SAO PAULO
221|URB V SONIA|SP|SAO PAULO
222|URB PICO DO JARAGUA|SP|SAO PAULO
223|URB AV PAULISTA|SP|SAO PAULO
224|URB JOAO DIAS|SP|SAO PAULO
226|CTO SOROCABA|SP|SOROCABA
227|TABOAO DA SERRA|SP|TABOAO DA SERRA
228|URANIA|SP|URANIA
229|URB JORDANESIA|SP|CAJAMAR
230|CTO CAMPINAS|SP|CAMPINAS
231|KNORR BREMSE SIS.PARA VEICULOS|SP|ITUPEVA
232|CORUMBA|MS|CORUMBA
233|CTO CUIABA|MT|CUIABA
234|DOURADOS|MS|DOURADOS
235|ITAPORA|MS|ITAPORA
236|JACIARA|MT|JACIARA
237|PONTA PORA|MS|PONTA PORA
238|CTO CAMPO GRANDE|MS|CAMPO GRANDE
239|CTO PORTO VELHO|RO|PORTO VELHO
240|CTO RIO DE JANEIRO|RJ|RIO DE JANEIRO
241|CTO NITEROI|RJ|NITEROI
242|URB BARRETO|RJ|NITEROI
243|URB FONSECA|RJ|NITEROI
244|URB GAVIAO PEIXOTO|RJ|NITEROI
245|URB AV GETULIO MOURA|RJ|NILOPOLIS
246|CTO S GONCALO|RJ|SAO GONCALO
247|ESTALEIRO JURONG ARACRUZ|ES|ARACRUZ
249|BELFORD ROXO|RJ|BELFORD ROXO
250|ITAGUAI|RJ|ITAGUAI
251|URB PRAIA ICARAI|RJ|NITEROI
252|URB MOINHOS DE VENTO|RS|PORTO ALEGRE
253|URB ALCANTARA|RJ|SAO GONCALO
254|VILAR DOS TELLES|RJ|SAO JOAO DE MERITI
255|PIABETA|RJ|MAGE
256|CTO VOLTA REDONDA|RJ|VOLTA REDONDA
258|CAMPOS|RJ|CAMPOS DOS GOYTACA
259|RESENDE|RJ|RESENDE
260|URB TAQUARA|RJ|RIO DE JANEIRO
261|BARRA MANSA|RJ|BARRA MANSA
262|CAMPOS ELISEOS|RJ|DUQUE DE CAXIAS
264|URB TIJUCA|RJ|RIO DE JANEIRO
266|CTO NOVA IGUACU|RJ|NOVA IGUACU
267|S JOAO DE MERITI|RJ|SAO JOAO DE MERITI
268|URB WASHINGTON LUIZ|SP|SAO PAULO
269|NOVA FRIBURGO|RJ|NOVA FRIBURGO
270|TERESOPOLIS|RJ|TERESOPOLIS
272|URB VSC DO URUGUAI|RJ|NITEROI
273|IJUI|RS|IJUI
274|PETROPOLIS|RJ|PETROPOLIS
275|DUQUE DE CAXIAS|RJ|DUQUE DE CAXIAS
276|URB VICENTE CARVALHO|RJ|RIO DE JANEIRO
278|CTO CAXIAS DO SUL|RS|CAXIAS DO SUL
279|S MIGUEL DO IGUACU|PR|SAO MIGUEL DO IGUA
280|RONDA ALTA|RS|RONDA ALTA
283|ILHEUS|BA|ILHEUS
284|ITABUNA|BA|ITABUNA
285|CTO MACEIO|AL|MACEIO
286|CTO RECIFE|PE|RECIFE
287|CTO SALVADOR|BA|SALVADOR
289|URB CALCADA|BA|SALVADOR
290|URB CAMPO DA POLVORA|BA|SALVADOR
291|URB AV SETE|BA|SALVADOR
293|URB PITUBA|BA|SALVADOR
295|URB SETE PORTAS|BA|SALVADOR
297|URB BARRA|BA|SALVADOR
298|VITORIA DA CONQUISTA|BA|VITORIA DA CONQUIS
299|TERRA ROXA|PR|TERRA ROXA
300|VOTORANTIM|SP|VOTORANTIM
301|COLORADO|RS|COLORADO
302|CTO VITORIA|ES|VITORIA
303|URB PASSO DAREIA|RS|PORTO ALEGRE
304|URB SHANGRI-LA|PR|LONDRINA
305|S JOSE DOS CAMPOS|SP|SAO JOSE DOS CAMPO
306|TAUBATE|SP|TAUBATE
307|URB CEASA|SP|SAO PAULO
308|URB PC SECA|RJ|RIO DE JANEIRO
309|URB GUANAB C GRANDE|RJ|RIO DE JANEIRO
310|URB IPANEMA|RJ|RIO DE JANEIRO
311|URB HUMAITA|RJ|RIO DE JANEIRO
313|URB GOMES FREIRE|RJ|RIO DE JANEIRO
316|URB S CRISTOVAO|RJ|RIO DE JANEIRO
317|URB BONSUCESSO|RJ|RIO DE JANEIRO
318|URB OLARIA|RJ|RIO DE JANEIRO
319|URB MORUMBI|SP|SAO PAULO
320|URB V SABRINA|SP|SAO PAULO
322|URB JD DA SAUDE|SP|SAO PAULO
323|URB INTERLAGOS|SP|SAO PAULO
324|PALMEIRA DAS MISSOES|RS|PALMEIRA DAS MISSO
325|NOVO HAMBURGO|RS|NOVO HAMBURGO
326|STA ROSA|RS|SANTA ROSA
328|URB BARRA FUNDA|SP|SAO PAULO
329|QUEDAS DO IGUACU|PR|QUEDAS DO IGUACU
330|CAP LEONIDAS MARQUES|PR|CAPITAO LEONIDAS M
332|CAMPO ERE|SC|CAMPO ERE
333|URB LIBERDADE|SP|SAO PAULO
334|URB MARINGA VELHO|PR|MARINGA
335|GOIOERE|PR|GOIOERE
336|URB NOVE DE JULHO|SP|SAO PAULO
337|URB BUTANTA|SP|SAO PAULO
339|NAVIRAI|MS|NAVIRAI
340|URB NOVA CASCAVEL|PR|CASCAVEL
341|URB S MATEUS|SP|SAO PAULO
342|URB BRAS|SP|SAO PAULO
343|CTO S PAULO|SP|SAO PAULO
345|URB MOOCA|SP|SAO PAULO
346|URB JD ARICANDUVA|SP|SAO PAULO
347|URB PAMPLONA|SP|SAO PAULO
348|URB PAULA SOUZA|SP|SAO PAULO
349|URB PINHEIROS|SP|SAO PAULO
350|URB AROUCHE|SP|SAO PAULO
351|URB JAGUARE|SP|SAO PAULO
352|URB VILA MARIANA|SP|SAO PAULO
353|URB CIDADE ADEMAR|SP|SAO PAULO
356|URB STA FELICIDADE|PR|CURITIBA
357|URB SEMINARIO|PR|CURITIBA
358|URB AGUA VERDE|PR|CURITIBA
359|LAPA|PR|LAPA
361|BELA VISTA PARAISO|PR|BELA VISTA DO PARA
362|CAMBE|PR|CAMBE
363|IBIPORA|PR|IBIPORA
365|URB MR THOMAS|PR|LONDRINA
366|PRIMEIRO DE MAIO|PR|PRIMEIRO DE MAIO
367|ROLANDIA|PR|ROLANDIA
368|SERTANOPOLIS|PR|SERTANOPOLIS
369|TAMARANA|PR|TAMARANA
370|COLORADO|PR|COLORADO
371|IGUARACU|PR|IGUARACU
373|LOBATO|PR|LOBATO
374|MANDAGUACU|PR|MANDAGUACU
375|MANDAGUARI|PR|MANDAGUARI
376|MARIALVA|PR|MARIALVA
377|STA FE|PR|SANTA FE
378|S JORGE DO IVAI|PR|SAO JORGE DO IVAI
381|PALMEIRA|PR|PALMEIRA
382|PRUDENTOPOLIS|PR|PRUDENTOPOLIS
383|REBOUCAS|PR|REBOUCAS
386|PARANACITY|PR|PARANACITY
389|MARIPA|PR|MARIPA
391|ALTO PIQUIRI|PR|ALTO PIQUIRI
392|S JORGE PATROCINIO|PR|SAO JORGE DO PATRO
393|MARILUZ|PR|MARILUZ
395|PALMAS|PR|PALMAS
397|S JOAO|PR|SAO JOAO
398|URB ITOUPAVA|SC|BLUMENAU
402|URB FARRAPOS|RS|PORTO ALEGRE
403|CTO DIADEMA|SP|DIADEMA
404|URB PIRAPORINHA|SP|DIADEMA
405|URB MOEMA|SP|SAO PAULO
406|URB SILVA BUENO|SP|SAO PAULO
407|ITAPECERICA DA SERRA|SP|ITAPECERICA DA SER
409|URB FARIA LIMA|SP|SAO PAULO
410|URB BRG LUIZ ANTONIO|SP|SAO PAULO
413|URB UTINGA|SP|SANTO ANDRE
414|URB GMB SAO CAETANO|SP|SAO CAETANO DO SUL
416|CTO ANAPOLIS|GO|ANAPOLIS
417|CENTRO BRASILIA|DF|BRASILIA
418|CTO GOIANIA|GO|GOIANIA
419|URB PREMIER COPA RIO|RJ|RIO DE JANEIRO
424|URB CINELANDIA|RJ|RIO DE JANEIRO
426|URB PRAIA DO SUA|ES|VITORIA
427|ASTORGA|PR|ASTORGA
428|BOM SUCESSO|PR|BOM SUCESSO
431|GRANDES RIOS|PR|GRANDES RIOS
432|GUARACI|PR|GUARACI
433|JAGUAPITA|PR|JAGUAPITA
435|LUPIONOPOLIS|PR|LUPIONOPOLIS
436|MARILANDIA DO SUL|PR|MARILANDIA DO SUL
437|STO INACIO|PR|SANTO INACIO
438|S JOAO DO IVAI|PR|SAO JOAO DO IVAI
440|ABATIA|PR|ABATIA
441|ASSAI|PR|ASSAI
442|BANDEIRANTES|PR|BANDEIRANTES
443|CORNELIO PROCOPIO|PR|CORNELIO PROCOPIO
446|STA MARIANA|PR|SANTA MARIANA
451|CAFELANDIA|PR|CAFELANDIA
454|CORPORATIVA SP|SP|SAO PAULO
455|URB RUDGE RAMOS|SP|SAO BERNARDO DO CA
456|URB SAPOPEMBA|SP|SAO PAULO
457|URB CUMBICA|SP|GUARULHOS
458|GUARACIABA|SC|GUARACIABA
459|PITANGA|PR|PITANGA
460|VERA CRUZ DO OESTE|PR|VERA CRUZ DO OESTE
462|VILHENA|RO|VILHENA
463|URB BAIRRO JARDIM|SP|SANTO ANDRE
464|URB MORANGUEIRA|PR|MARINGA
466|RONDONOPOLIS|MT|RONDONOPOLIS
467|URB V PREL|SP|SAO PAULO
468|URB CAMPO LIMPO|SP|SAO PAULO
469|URB AV 11 JUNHO|SP|SAO PAULO
470|S MIGUEL DO OESTE|SC|SAO MIGUEL D'OESTE
471|XANXERE|SC|XANXERE
472|CLEVELANDIA|PR|CLEVELANDIA
473|BUENO BRANDAO|MG|BUENO BRANDAO
474|CANOAS|RS|CANOAS
475|ELDORADO|MS|ELDORADO
476|ITAPEVI|SP|ITAPEVI
477|URB V BARCELONA|SP|SAO CAETANO DO SUL
478|URB MASP PAULISTA|SP|SAO PAULO
479|IVINHEMA|MS|IVINHEMA
480|FATIMA DO SUL|MS|FATIMA DO SUL
481|AMAMBAI|MS|AMAMBAI
483|S BORJA|RS|SAO BORJA
484|GLORIA DE DOURADOS|MS|GLORIA DE DOURADOS
485|MARACAJU|MS|MARACAJU
486|URB PIRITUBA|SP|SAO PAULO
487|RIBEIRAO BRANCO|SP|RIBEIRAO BRANCO
488|URB PONTE DA AMIZADE|PR|FOZ DO IGUACU
489|URB ESTADO C GRANDE|MS|CAMPO GRANDE
491|URB MADUREIRA|RJ|RIO DE JANEIRO
492|DOUTOR CAMARGO|PR|DOUTOR CAMARGO
493|ITARARE|SP|ITARARE
494|MISSAL|PR|MISSAL
495|BARRA DO GARCAS|MT|BARRA DO GARCAS
496|PAICANDU|PR|PAICANDU
497|S LEOPOLDO|RS|SAO LEOPOLDO
498|TRINDADE|GO|TRINDADE
499|URB 24 DE OUTUBRO|GO|GOIANIA
500|ITABERAI|GO|ITABERAI
501|INHUMAS|GO|INHUMAS
502|CTO OSASCO|SP|OSASCO
503|CTO BARUERI|SP|BARUERI
505|ALEGRETE|RS|ALEGRETE
506|URUGUAIANA|RS|URUGUAIANA
507|ANICUNS|GO|ANICUNS
508|RIALMA|GO|RIALMA
510|ALTO ARAGUAIA|MT|ALTO ARAGUAIA
511|IGUATEMI|MS|IGUATEMI
512|DEODAPOLIS|MS|DEODAPOLIS
514|ITUMBIARA|GO|ITUMBIARA
515|JESUITAS|PR|JESUITAS
516|URB CTO EMPRESARIAL|SP|SAO PAULO
517|NOVA PONTE|MG|NOVA PONTE
518|STA JULIANA|MG|SANTA JULIANA
519|MINEIROS|GO|MINEIROS
520|JATAI|GO|JATAI
521|RIO VERDE|GO|RIO VERDE
522|TIMBO|SC|TIMBO
523|GURUPI|TO|GURUPI
524|PORANGATU|GO|PORANGATU
525|URB AV BRASIL|RJ|RIO DE JANEIRO
526|ARAGUAINA|TO|ARAGUAINA
527|CTO MARABA|PA|MARABA
529|JI-PARANA|RO|JI-PARANA
530|URUACU|GO|URUACU
531|CTO UBERLANDIA|MG|UBERLANDIA
532|CTO BELEM|PA|BELEM
533|MORRO DA FUMACA|SC|MORRO DA FUMACA
534|CTO INDUSTRIAL|MG|CONTAGEM
535|ITAQUAQUECETUBA|SP|ITAQUAQUECETUBA
536|MUNDO NOVO|MS|MUNDO NOVO
537|S MIGUEL DO ARAGUAIA|GO|SAO MIGUEL DO ARAG
538|BARRA DO BUGRES|MT|BARRA DO BUGRES
539|QUATRO BARRAS|PR|QUATRO BARRAS
540|MIRANORTE|TO|MIRANORTE
541|ITAPEMA|SC|ITAPEMA
543|URB LEBLON|RJ|RIO DE JANEIRO
544|APARECIDA DE GOIANIA|GO|APARECIDA DE GOIAN
545|OURO|SC|OURO
546|URB AV GOIAS|GO|GOIANIA
548|CAMBORIU|SC|CAMBORIU
549|GUABIRUBA|SC|GUABIRUBA
550|CABO FRIO|RJ|CABO FRIO
551|EUNAPOLIS|BA|EUNAPOLIS
557|CANELINHA|SC|CANELINHA
569|S FRANCISCO SALES|MG|SAO FRANCISCO DE S
570|ESTIVA|MG|ESTIVA
571|IPUIUNA|MG|IPUIUNA
572|ARIQUEMES|RO|ARIQUEMES
575|ILHOTA|SC|ILHOTA
578|BARBACENA|MG|BARBACENA
579|SERRANA|SP|SERRANA
586|BOM REPOUSO|MG|BOM REPOUSO
587|ITAPEVA DE MINAS|MG|ITAPEVA
590|CONCEICAO DA FEIRA|BA|CONCEICAO DA FEIRA
594|GASPAR|SC|GASPAR
595|PRESIDENTE PRUDENTE|SP|PRESIDENTE PRUDENT
596|BATALHA|AL|BATALHA
598|URB CRISTO REI|PR|CURITIBA
606|BRAGANEY|PR|BRAGANEY
608|URB GOIABEIRAS|ES|VITORIA
609|CTO JUIZ DE FORA|MG|JUIZ DE FORA
610|TEUTONIA|RS|TEUTONIA
612|AUSTIN|RJ|NOVA IGUACU
613|ITAIPAVA|RJ|PETROPOLIS
614|TRIBOBO|RJ|SAO GONCALO
615|MIGUEL COUTO|RJ|NOVA IGUACU
616|POSSE|RJ|PETROPOLIS
620|PEIXE|TO|PEIXE
621|IGUABA GRANDE|RJ|IGUABA GRANDE
622|MARAU|RS|MARAU
624|PRANCHITA|PR|PRANCHITA
627|MERCEDES|PR|MERCEDES
628|SEROPEDICA|RJ|SEROPEDICA
629|URB CIDADE NOVA|PA|MARABA
631|CACHOEIRA DOURADA|GO|CACHOEIRA DOURADA
633|URB AHU|PR|CURITIBA
638|URB COXIPO DA PONTE|MT|CUIABA
639|COCAL DO SUL|SC|COCAL DO SUL
640|FORQUILHINHA|SC|FORQUILHINHA
641|URB LARGO DA BATALHA|RJ|NITEROI
642|URB NOVA APARECIDA|SP|CAMPINAS
644|URB SALGADO FILHO|PR|CURITIBA
645|JARAGUA DO SUL|SC|JARAGUA DO SUL
646|CTO CAJAMAR|SP|CAJAMAR
649|OURO FINO PAULISTA|SP|RIBEIRAO PIRES
650|RODOVIA A PEIXOTO|RJ|SAO GONCALO
652|RESSAQUINHA|MG|RESSAQUINHA
653|STA CRUZ DA SERRA|RJ|DUQUE DE CAXIAS
654|URB BAIRRO TABOAO|SP|SAO BERNARDO DO CA
656|CTO MANAUS|AM|MANAUS
657|CTO RIBEIRAO PRETO|SP|RIBEIRAO PRETO
659|URB CATETE|RJ|RIO DE JANEIRO
660|URB GRAJAU|SP|SAO PAULO
670|PEQUERI|MG|PEQUERI
672|URB CIDADE INDUSTRIAL|PR|CURITIBA
676|ITUTINGA|MG|ITUTINGA
678|URB SHOPPING C R SUL|RJ|RIO DE JANEIRO
679|POUSO ALEGRE|MG|POUSO ALEGRE
683|PARANAITA|MT|PARANAITA
684|CONCORDIA|SC|CONCORDIA
685|PINHAIS|PR|PINHAIS
687|S FRANCISCO GLORIA|MG|SAO FRANCISCO DO G
688|ITAUBA|MT|ITAUBA
689|TERRA NOVA DO NORTE|MT|TERRA NOVA DO NORT
691|PADRE PARAISO|MG|PADRE PARAISO
693|POSTO DA MATA|BA|NOVA VICOSA
700|ROLIM DE MOURA|RO|ROLIM DE MOURA
701|URB SANTANA|SP|SAO PAULO
702|CTO FORTALEZA|CE|FORTALEZA
703|URB S BRAZ|PA|BELEM
704|URB BARRA SHOPPING|RJ|RIO DE JANEIRO
714|GUARATINGUETA|SP|GUARATINGUETA
715|VARGINHA|MG|VARGINHA
716|URB VISCONDE INHAUMA|RJ|RIO DE JANEIRO
718|URB CEL ANTONINO|MS|CAMPO GRANDE
719|MACAE|RJ|MACAE
720|BAURU|SP|BAURU
728|URB PENHA|SP|SAO PAULO
729|BRUSQUE|SC|BRUSQUE
730|BOA VISTA|RR|BOA VISTA
731|URB TAQUARAL|SP|CAMPINAS
732|TEOFILO OTONI|MG|TEOFILO OTONI
737|CTO S LUIS|MA|SAO LUIS
738|CTO NATAL|RN|NATAL
739|CTO JOAO PESSOA|PB|JOAO PESSOA
744|CTO UBERABA|MG|UBERABA
745|GOVERNADOR VALADARES|MG|GOVERNADOR VALADAR
748|PARAISO DO TOCANTINS|TO|PARAISO DO TOCANTI
769|QUIRINOPOLIS|GO|QUIRINOPOLIS
770|SINOP|MT|SINOP
771|PIMENTA BUENO|RO|PIMENTA BUENO
772|RIO BRANCO - AC|AC|RIO BRANCO
773|CAARAPO|MS|CAARAPO
801|MONTES CLAROS|MG|MONTES CLAROS
807|NOVA CANAA DO NORTE|MT|NOVA CANAA DO NORT
808|CURIONOPOLIS|PA|CURIONOPOLIS
810|URB W3 SUL|DF|BRASILIA
813|URB PC TAMANDARE|GO|GOIANIA
815|ALTA FLORESTA|MT|ALTA FLORESTA
818|CANARANA|MT|CANARANA
820|URB PORTO|MT|CUIABA
822|JAURU|MT|JAURU
823|JUINA|MT|JUINA
824|MIRASSOL DOESTE|MT|MIRASSOL D'OESTE
827|PONTES E LACERDA|MT|PONTES E LACERDA
828|S JOSE QUATRO MARCOS|MT|SAO JOSE DOS QUATR
829|RIO BRANCO|MT|RIO BRANCO
830|VARZEA GRANDE|MT|VARZEA GRANDE
831|ANAURILANDIA|MS|ANAURILANDIA
832|AQUIDAUANA|MS|AQUIDAUANA
833|BATAGUASSU|MS|BATAGUASSU
835|BELA VISTA|MS|BELA VISTA
836|BODOQUENA|MS|BODOQUENA
837|BONITO|MS|BONITO
838|BRASILANDIA|MS|BRASILANDIA
839|CAMAPUA|MS|CAMAPUA
840|URB BARAO|MS|CAMPO GRANDE
841|URB CALOGERAS|MS|CAMPO GRANDE
842|URB DOM BOSCO|MS|CAMPO GRANDE
843|URB 13 DE MAIO|MS|CAMPO GRANDE
845|COXIM|MS|COXIM
847|JARDIM|MS|JARDIM
850|NOVA ANDRADINA|MS|NOVA ANDRADINA
851|PARANAIBA|MS|PARANAIBA
852|PEDRO GOMES|MS|PEDRO GOMES
853|RIO BRILHANTE|MS|RIO BRILHANTE
854|RIO NEGRO|MS|RIO NEGRO
855|CHAPADAO DO SUL|MS|CHAPADAO DO SUL
856|SETE QUEDAS|MS|SETE QUEDAS
857|SIDROLANDIA|MS|SIDROLANDIA
858|TACURU|MS|TACURU
860|TRES LAGOAS|MS|TRES LAGOAS
861|URB BELO HORIZONTE|MG|BELO HORIZONTE
862|ITUIUTABA|MG|ITUIUTABA
864|CACOAL|RO|CACOAL
865|CEREJEIRAS|RO|CEREJEIRAS
866|GUAJARA-MIRIM|RO|GUAJARA-MIRIM
870|ARACATUBA|SP|ARACATUBA
874|CTO S JOSE RIO PRETO|SP|SAO JOSE DO RIO PR
875|URB BOM RETIRO|SP|SAO PAULO
878|CACERES|MT|CACERES
879|TANGARA DA SERRA|MT|TANGARA DA SERRA
884|URB SAVASSI|MG|BELO HORIZONTE
885|URB COPACABANA|RJ|RIO DE JANEIRO
886|URB AV SAUDADE|SP|RIBEIRAO PRETO
889|URB JD AMERICA|SP|SAO PAULO
890|SUZANO|SP|SUZANO
892|IGUATU|CE|IGUATU
894|JUAZEIRO DO NORTE|CE|JUAZEIRO DO NORTE
895|CRATO|CE|CRATO
896|CENTRO TAGUATINGA|DF|BRASILIA (TAGUATIN
898|URB AV RIO BRANCO|RJ|RIO DE JANEIRO
900|URB ANANINDEUA|PA|ANANINDEUA
903|MACAPA|AP|MACAPA
904|S GABRIEL DO OESTE|MS|SAO GABRIEL DO OES
905|URB ALDEOTA|CE|FORTALEZA
906|REDENCAO|PA|REDENCAO
907|ACAILANDIA|MA|ACAILANDIA
908|IMPERATRIZ|MA|IMPERATRIZ
909|URB BELENZINHO|SP|SAO PAULO
911|URB GABRIEL M SILVA|SP|SAO PAULO
912|URB IBIRAPUERA|SP|SAO PAULO
913|URB ITAIM|SP|SAO PAULO
914|URB JABAQUARA|SP|SAO PAULO
916|URB STA IFIGENIA|SP|SAO PAULO
917|URB 7 DE ABRIL|SP|SAO PAULO
919|ITATIBA|SP|ITATIBA
920|ITU|SP|ITU
921|LIMEIRA|SP|LIMEIRA
922|PIRACICABA|SP|PIRACICABA
925|COLORADO DOESTE|RO|COLORADO DO OESTE
926|CAPANEMA DO PARA|PA|CAPANEMA
927|CASTANHAL|PA|CASTANHAL
928|ALTAMIRA|PA|ALTAMIRA
929|SANTAREM|PA|SANTAREM
931|BRASNORTE|MT|BRASNORTE
932|JARU|RO|JARU
933|OURO PRETO DOESTE|RO|OURO PRETO DO OEST
934|MARILIA|SP|MARILIA
935|CAMPINA GRANDE|PB|CAMPINA GRANDE
936|MOGI DAS CRUZES|SP|MOGI DAS CRUZES
937|CTO TERESINA|PI|TERESINA
938|ITAITUBA|PA|ITAITUBA
939|BAGE|RS|BAGE
943|SORRISO|MT|SORRISO
944|PARAUAPEBAS|PA|PARAUAPEBAS
945|ALVORADA DOESTE|RO|ALVORADA DO OESTE
947|PRIMAVERA DO LESTE|MT|PRIMAVERA DO LESTE
948|URB BOM FIM|RS|PORTO ALEGRE
949|FLORIANO DO PIAUI|PI|FLORIANO
951|VESPASIANO|MG|VESPASIANO
952|GOIANESIA|GO|GOIANESIA
953|ACREUNA|GO|ACREUNA
954|STA HELENA GOIAS|GO|SANTA HELENA DE GO
956|URB HIGIENOPOLIS|SP|SAO PAULO
957|PARAGOMINAS|PA|PARAGOMINAS
958|POCOS DE CALDAS|MG|POCOS DE CALDAS
959|S CARLOS|SP|SAO CARLOS
960|PARANATINGA|MT|PARANATINGA
961|FORMIGA|MG|FORMIGA
962|AMERICANA|SP|AMERICANA
963|CATALAO|GO|CATALAO
964|RIO CLARO|SP|RIO CLARO
965|COLIDER|MT|COLIDER
966|CASSILANDIA|MS|CASSILANDIA
983|ARAPUTANGA|MT|ARAPUTANGA
984|NIQUELANDIA|GO|NIQUELANDIA
985|ARARAQUARA|SP|ARARAQUARA
994|APIACAS|MT|APIACAS
995|URB BOA VIAGEM|PE|RECIFE
996|XINGUARA|PA|XINGUARA
997|JARI MONTE DOURADO|PA|ALMEIRIM
998|SETE LAGOAS|MG|SETE LAGOAS
1000|ARARAS|SP|ARARAS
1001|JUARA|MT|JUARA
1002|ALTINOPOLIS|SP|ALTINOPOLIS
1003|AMPARO|SP|AMPARO
1004|BARRETOS|SP|BARRETOS
1005|URB PC RAUL SOARES|MG|BELO HORIZONTE
1006|BOTUCATU|SP|BOTUCATU
1007|CATANDUVA|SP|CATANDUVA
1008|CUBATAO|SP|CUBATAO
1009|IBITINGA|SP|IBITINGA
1010|ITURAMA|MG|ITURAMA
1011|JAU|SP|JAU
1012|LINS|SP|LINS
1013|MATAO|SP|MATAO
1014|ORLANDIA|SP|ORLANDIA
1015|PIRASSUNUNGA|SP|PIRASSUNUNGA
1016|PONTAL|SP|PONTAL
1018|URB MEIER|RJ|RIO DE JANEIRO
1019|STA BARBARA DOESTE|SP|SANTA BARBARA D'OE
1020|STA CRUZ PALMEIRAS|SP|SANTA CRUZ DAS PAL
1021|STO ANTONIO DA POSSE|SP|SANTO ANTONIO DE P
1022|S JOAO BOA VISTA|SP|SAO JOAO DA BOA VI
1024|URB S JORGE|SP|SAO PAULO
1026|URB VIA ANCHIETA|SP|SAO PAULO
1027|URB V MARIA|SP|SAO PAULO
1029|CTO S VICENTE|SP|SAO VICENTE
1030|SERTAOZINHO|SP|SERTAOZINHO
1032|VOTUPORANGA|SP|VOTUPORANGA
1033|URB NOVA 24 DE MAIO|SP|SAO PAULO
1034|CAMPINA GRANDE SUL|PR|CAMPINA GRANDE DO
1035|PITINGA|AM|PRESIDENTE FIGUEIR
1036|URB COMERCIO|MG|BELO HORIZONTE
1039|ALTA FLORESTA DOESTE|RO|ALTA FLORESTA DO O
1040|CANOINHAS|SC|CANOINHAS
1041|TUCURUI|PA|TUCURUI
1042|JACUNDA|PA|JACUNDA
1043|RONDON DO PARA|PA|RONDON DO PARA
1044|MATUPA|MT|MATUPA
1045|CONCEICAO ARAGUAIA|PA|CONCEICAO DO ARAGU
1047|URB ILHA GOVERNADOR|RJ|RIO DE JANEIRO
1048|COSTA RICA|MS|COSTA RICA
1049|JUQUITIBA|SP|JUQUITIBA
1050|URB CARLOS GOMES|RS|PORTO ALEGRE
1051|S BENTO DO SUL|SC|SAO BENTO DO SUL
1052|CTO S JOSE|SC|SAO JOSE
1053|ERECHIM|RS|ERECHIM
1054|RIO GRANDE DA SERRA|SP|RIO GRANDE DA SERR
1055|QUEIMADOS|RJ|QUEIMADOS
1056|CEL SAPUCAIA|MS|CORONEL SAPUCAIA
1057|CTO NILOPOLIS|RJ|NILOPOLIS
1058|GUARAITUBA|PR|COLOMBO
1059|LINHARES|ES|LINHARES
1060|URB V RE|SP|SAO PAULO
1062|URB IMIRIM|SP|SAO PAULO
1063|URB ITAIM PAULISTA|SP|SAO PAULO
1064|URB V CARRAO|SP|SAO PAULO
1065|URB V FORMOSA|SP|SAO PAULO
1066|URB SEN LEMOS|PA|BELEM
1067|URB POSTO VI|RJ|RIO DE JANEIRO
1070|MANHUACU|MG|MANHUACU
1071|URB ITAIPU|RJ|NITEROI
1072|CASTANHEIRA|MT|CASTANHEIRA
1074|FREDERICO WESTPHALEN|RS|FREDERICO WESTPHAL
1075|BETIM|MG|BETIM
1076|ARAGUARI|MG|ARAGUARI
1077|PATROCINIO|MG|PATROCINIO
1078|VIDEIRA|SC|VIDEIRA
1079|STA TEREZINHA ITAIPU|PR|SANTA TEREZINHA DE
1080|BRAGANCA PAULISTA|SP|BRAGANCA PAULISTA
1082|ITAPETININGA|SP|ITAPETININGA
1083|S JOSE RIO CLARO|MT|SAO JOSE DO RIO CL
1084|TAILANDIA|PA|TAILANDIA
1085|ESPIGAO DOESTE|RO|ESPIGAO D'OESTE
1086|MURIAE|MG|MURIAE
1087|S GERALDO ARAGUAIA|PA|SAO GERALDO DO ARA
1089|CTO VILA VELHA|ES|VILA VELHA
1090|LEME|SP|LEME
1091|ITABAIANA|SE|ITABAIANA
1093|LUCAS DO RIO VERDE|MT|LUCAS DO RIO VERDE
1095|PEIXOTO DE AZEVEDO|MT|PEIXOTO DE AZEVEDO
1096|ACESITA TIMOTEO|MG|TIMOTEO
1097|PEDRO LEOPOLDO|MG|PEDRO LEOPOLDO
1098|MATOZINHOS|MG|MATOZINHOS
1099|FERRAZ VASCONCELOS|SP|FERRAZ DE VASCONCE
1101|SALINOPOLIS|PA|SALINOPOLIS
1102|ITINGA|MA|ITINGA DO MARANHAO
1103|URB AV CENTRAL|RJ|RIO DE JANEIRO
1104|URB NACOES UNIDAS|SP|SAO PAULO
1105|URB AV BANDEIRANTES|MS|CAMPO GRANDE
1106|URB GONZAGA|SP|SANTOS
1107|URB PRQ S PAULO|PR|CASCAVEL
1108|CAMACARI|BA|CAMACARI
1109|URB NOVA IMPERATRIZ|MA|IMPERATRIZ
1111|ITAPIRA|SP|ITAPIRA
1112|ITAPEVA|SP|ITAPEVA
1113|BEBEDOURO|SP|BEBEDOURO
1114|URB AV ZAHRAN|MS|CAMPO GRANDE
1115|URB ROCHA POMBO - MARINGA|PR|MARINGA
1116|URB ANAPOLIS|GO|ANAPOLIS
1117|URB CONDOR|PA|BELEM
1118|SERRA CARAPINA|ES|SERRA
1119|MARACANAU|CE|MARACANAU
1120|AVARE|SP|AVARE
1121|TUPA|SP|TUPA
1122|URB RAIZ|AM|MANAUS
1123|URB AV DO CPA|MT|CUIABA
1124|URB PC 8 DE ABRIL|MT|CUIABA
1125|S ROQUE|SP|SAO ROQUE
1126|ASSIS|SP|ASSIS
1127|URB RETIRO|RJ|VOLTA REDONDA
1128|ARCOS|MG|ARCOS
1129|PATOS DE MINAS|MG|PATOS DE MINAS
1130|MIRASSOL|SP|MIRASSOL
1131|URB PINHEIRINHO|PR|CURITIBA
1132|URB EPITACIO PESSOA|PB|JOAO PESSOA
1133|MOSSORO|RN|MOSSORO
1134|VALINHOS|SP|VALINHOS
1135|COLATINA|ES|COLATINA
1136|ARAPIRACA|AL|ARAPIRACA
1137|URB VIA 85|GO|GOIANIA
1138|URB PIO XII|GO|GOIANIA
1139|BIRIGUI|SP|BIRIGUI
1140|BENTO GONCALVES|RS|BENTO GONCALVES
1141|URB SETOR INDUSTRIAS|DF|BRASILIA
1142|DIVINOPOLIS|MG|DIVINOPOLIS
1143|CORREIA PINTO|SC|CORREIA PINTO
1144|OTACILIO COSTA|SC|OTACILIO COSTA
1145|URB 15 DE NOVEMBRO|PA|BELEM
1146|SANTANA DO AMAPA|AP|SANTANA
1147|FIGUEIRA|PR|FIGUEIRA
1148|TATUI|SP|TATUI
1149|SARANDI|PR|SARANDI
1150|BALSAS|MA|BALSAS
1151|PRAIA GRANDE|SP|PRAIA GRANDE
1152|VICOSA|MG|VICOSA
1153|CAMPO VERDE|MT|CAMPO VERDE
1154|JALES|SP|JALES
1155|OLIMPIA|SP|OLIMPIA
1156|FRANCA|SP|FRANCA
1157|GUARUJA|SP|GUARUJA
1158|JUAZEIRO|BA|JUAZEIRO
1159|IRECE|BA|IRECE
1160|SUMARE|SP|SUMARE
1162|SONORA|MS|SONORA
1163|URB ALPHAVILLE|SP|BARUERI
1164|CAMPO NOVO PARECIS|MT|CAMPO NOVO DO PARE
1167|URB RUA AUGUSTA|SP|SAO PAULO
1168|URB V GALVAO|SP|GUARULHOS
1169|CACHOEIRO ITAPEMIRIM|ES|CACHOEIRO DE ITAPE
1170|URB ANTONIO C.COSTA|SP|OSASCO
1171|URB PEDRO LESSA|SP|SANTOS
1173|URB FREGUESIA|RJ|RIO DE JANEIRO
1174|URB SETOR COML SUL|DF|BRASILIA
1175|URB PC CIVICA|GO|GOIANIA
1176|URB FLORIANO PEIXOTO|MG|UBERLANDIA
1178|URB CIDADE MORENA|MS|CAMPO GRANDE
1179|MOCOCA|SP|MOCOCA
1180|S JOSE DO RIO PARDO|SP|SAO JOSE DO RIO PA
1181|DIVINOLANDIA|SP|DIVINOLANDIA
1182|TAPIRATIBA|SP|TAPIRATIBA
1183|CACONDE|SP|CACONDE
1184|S SEBASTIAO GRAMA|SP|SAO SEBASTIAO DA G
1186|CAJURU|SP|CAJURU
1188|STA ROSA DO VITERBO|SP|SANTA ROSA DE VITE
1189|URB ALVARES CABRAL|SP|RIBEIRAO PRETO
1190|URB ALTO RIO PRETO|SP|SAO JOSE DO RIO PR
1191|CASA BRANCA|SP|CASA BRANCA
1193|TAMBAU|SP|TAMBAU
1194|PORTO FERREIRA|SP|PORTO FERREIRA
1195|URB AMOREIRAS|SP|CAMPINAS
1196|MOGI-MIRIM|SP|MOGI-MIRIM
1197|JACAREI|SP|JACAREI
1198|MARABA|PA|MARABA
1199|ARCOVERDE|PE|ARCOVERDE
1200|URB LAGO PARQUE|PR|LONDRINA
1201|BARRA DO PIRAI|RJ|BARRA DO PIRAI
1202|POA|SP|POA
1203|UBATUBA|SP|UBATUBA
1204|URB BR 040 CEASA|MG|CONTAGEM
1205|ITAJUBA|MG|ITAJUBA
1206|ANDRADINA|SP|ANDRADINA
1207|DIAMANTINO|MT|DIAMANTINO
1208|TAPURAH|MT|TAPURAH
1209|SANTANA LIVRAMENTO|RS|SANTANA DO LIVRAME
1210|URB IMIGRANTE|RS|CAXIAS DO SUL
1212|COTIA|SP|COTIA
1213|CTO FEIRA DE SANTANA|BA|FEIRA DE SANTANA
1214|URB IGUATEMI|BA|SALVADOR
1215|URB JD ALVORADA|PR|MARINGA
1216|CAMPO LIMPO PAULISTA|SP|CAMPO LIMPO PAULIS
1217|NOVA ESPERANCA|PR|NOVA ESPERANCA
1219|INDAIATUBA|SP|INDAIATUBA
1220|URB UNIPAN|MS|CAMPO GRANDE
1221|ELDORADO DO SUL|RS|ELDORADO DO SUL
1222|ESPIRITO STO PINHAL|SP|ESPIRITO SANTO DO
1224|PATO BRAGADO|PR|PATO BRAGADO
1226|URB CONDE DE BONFIM|RJ|RIO DE JANEIRO
1227|URB LEME|RJ|RIO DE JANEIRO
1229|URB FLORESTA|RS|PORTO ALEGRE
1230|URB PARTENON|RS|PORTO ALEGRE
1231|URB PROTASIO ALVES|RS|PORTO ALEGRE
1232|URB ALTO TERESOPOLIS|RS|PORTO ALEGRE
1233|URB TRISTEZA|RS|PORTO ALEGRE
1234|URB RODOVIARIA|SC|BLUMENAU
1236|PRESIDENTE GETULIO|SC|PRESIDENTE GETULIO
1239|URB BOULEVARD S LUIZ|SP|SAO PAULO
1240|URB ANTONIO EMMERICH|SP|SAO VICENTE
1241|ARUJA|SP|ARUJA
1242|URB ITAQUERA|SP|SAO PAULO
1243|CAMPOS DO JORDAO|SP|CAMPOS DO JORDAO
1244|LAJEADO|RS|LAJEADO
1245|BACABAL|MA|BACABAL
1246|CODO|MA|CODO
1247|CAXIAS|MA|CAXIAS
1250|URB ALECRIM|RN|NATAL
1251|ITABORAI|RJ|ITABORAI
1252|ARARUAMA|RJ|ARARUAMA
1253|PIEDADE|SP|PIEDADE
1254|PENAPOLIS|SP|PENAPOLIS
1255|TRES RIOS|RJ|TRES RIOS
1256|URB GLORIA|ES|VILA VELHA
1257|STA CRUZ RIO PARDO|SP|SANTA CRUZ DO RIO
1258|URB MONS TABOSA|CE|FORTALEZA
1259|S MATEUS|ES|SAO MATEUS
1260|CARIACICA C GRANDE|ES|CARIACICA
1261|URB ICOARACI|PA|BELEM
1262|URB GUAPORE|PR|LONDRINA
1263|MANDIRITUBA|PR|MANDIRITUBA
1264|JABOTICABAL|SP|JABOTICABAL
1265|TAQUARITINGA|SP|TAQUARITINGA
1266|FERNANDOPOLIS|SP|FERNANDOPOLIS
1267|S MATEUS DO SUL|PR|SAO MATEUS DO SUL
1268|JAGUARIAIVA|PR|JAGUARIAIVA
1269|ALMIRANTE TAMANDARE|PR|ALMIRANTE TAMANDAR
1270|LAURO DE FREITAS|BA|LAURO DE FREITAS
1271|PRESIDENTE EPITACIO|SP|PRESIDENTE EPITACI
1272|OSVALDO CRUZ|SP|OSVALDO CRUZ
1273|OURINHOS|SP|OURINHOS
1274|ATIBAIA|SP|ATIBAIA
1275|URB JD GUANABARA|RJ|RIO DE JANEIRO
1276|URB LAGO SUL|DF|BRASILIA
1277|PLANALTINA|DF|BRASILIA (PLANALTI
1278|STA TEREZINHA GOIAS|GO|SANTA TEREZINHA DE
1279|PAPANDUVA|SC|PAPANDUVA
1280|CAMPOS NOVOS|SC|CAMPOS NOVOS
1281|S JOAQUIM|SC|SAO JOAQUIM
1282|STO ANTONIO DE JESUS|BA|SANTO ANTONIO DE J
1283|RIO NEGRINHO|SC|RIO NEGRINHO
1284|URB CHAMPAGNAT|PR|CURITIBA
1285|SANTIAGO|RS|SANTIAGO
1286|URB CAMOBI|RS|SANTA MARIA
1287|URB AV RUI BARBOSA|PR|SAO JOSE DOS PINHA
1288|CACHOEIRINHA|RS|CACHOEIRINHA
1289|FARROUPILHA|RS|FARROUPILHA
1291|ENTRE RIOS|PR|GUARAPUAVA
1293|URB S M PAULISTA|SP|SAO PAULO
1294|CHAPADAO DO CEU|GO|CHAPADAO DO CEU
1295|PINDAMONHANGABA|SP|PINDAMONHANGABA
1296|TEIXEIRA DE FREITAS|BA|TEIXEIRA DE FREITA
1297|BATATAIS|SP|BATATAIS
1298|S FRANCISCO DO SUL|SC|SAO FRANCISCO DO S
1299|URB V NOVA|SC|BLUMENAU
1300|URB BARREIROS|SC|SAO JOSE
1301|URB TRINDADE|SC|FLORIANOPOLIS
1302|URB JOAO COLIN|SC|JOINVILLE
1303|ARARANGUA|SC|ARARANGUA
1304|S MIGUEL DO GUAMA|PA|SAO MIGUEL DO GUAM
1305|BREVES|PA|BREVES
1306|SALTO|SP|SALTO
1308|AGUA BOA|MT|AGUA BOA
1309|PORTO NACIONAL|TO|PORTO NACIONAL
1310|URB PC WALTER SANTOS|GO|GOIANIA
1311|URB AV STA CATARINA|SC|JOINVILLE
1312|URB ITAJAI MIRIM|SC|ITAJAI
1313|URB ORLEANS      O|PR|CURITIBA
1314|CARUARU|PE|CARUARU
1315|GARANHUNS|PE|GARANHUNS
1316|STA GERTRUDES|SP|SANTA GERTRUDES
1317|NOVA ODESSA|SP|NOVA ODESSA
1318|STA R PASSA QUATRO|SP|SANTA RITA DO PASS
1319|BUZIOS|RJ|ARMACAO DOS BUZIOS
1320|PATY DO ALFERES|RJ|PATY DO ALFERES
1321|STO ANTONIO DE PADUA|RJ|SANTO ANTONIO DE P
1322|URB BOTAFOGO|RJ|RIO DE JANEIRO
1323|URB SANTOS DUMONT|RJ|RIO DE JANEIRO
1324|URB ATAULFO DE PAIVA|RJ|RIO DE JANEIRO
1325|BOM JESUS ITABAPOANA|RJ|BOM JESUS DO ITABA
1326|S FIDELIS|RJ|SAO FIDELIS
1327|URB DJALMA BATISTA|AM|MANAUS
1328|URB TEATRO AMAZONAS|AM|MANAUS
1330|GRAVATAI|RS|GRAVATAI
1331|URB QUINTA AVENIDA|GO|GOIANIA
1332|NUCLEO BANDEIRANTES|DF|BRASILIA (NUCLEO B
1333|LUZIANIA|GO|LUZIANIA
1334|FORMOSA|GO|FORMOSA
1335|OSORIO|RS|OSORIO
1336|CAMPO BOM|RS|CAMPO BOM
1337|RIO DAS OSTRAS|RJ|RIO DAS OSTRAS
1338|MAIRIPORA|SP|MAIRIPORA
1339|BARROLANDIA|TO|BARROLANDIA
1340|BARREIRAS|BA|BARREIRAS
1341|MIRACEMA TOCANTINS|TO|MIRACEMA DO TOCANT
1342|URB PASSARELA|PR|CURITIBA
1343|GOIATUBA|GO|GOIATUBA
1344|URB TAGUANORTE|DF|BRASILIA (TAGUATIN
1345|COLINAS DO TOCANTINS|TO|COLINAS DO TOCANTI
1346|GUARAI|TO|GUARAI
1347|URB ASA NORTE|DF|BRASILIA
1348|URB T-9|GO|GOIANIA
1349|MINACU|GO|MINACU
1350|PEDRO AFONSO|TO|PEDRO AFONSO
1351|PEDREIRA|SP|PEDREIRA
1352|URB NOVA CAMBUI|SP|CAMPINAS
1353|RIO VERDE M GROSSO|MS|RIO VERDE DE MATO
1354|MIRANDA|MS|MIRANDA
1355|UBA|MG|UBA
1356|PONTE NOVA|MG|PONTE NOVA
1357|TRES PONTAS|MG|TRES PONTAS
1358|IPATINGA|MG|IPATINGA
1359|PICOS|PI|PICOS
1360|URB MONTESE|CE|FORTALEZA
1361|URB BEZERRA MENEZES|CE|FORTALEZA
1362|URB PRUDENTE MORAIS|RN|NATAL
1363|URB BARAO GURGUEIA|PI|TERESINA
1364|URB TIRIRICAL|MA|SAO LUIS
1365|URB S.LUIS SHOPPING CENTER|MA|SAO LUIS
1366|APARECIDA DO TABOADO|MS|APARECIDA DO TABOA
1367|URB MARCELINO PIRES|MS|DOURADOS
1368|ITAQUIRAI|MS|ITAQUIRAI
1369|MORRINHOS|GO|MORRINHOS
1370|JARAGUA|GO|JARAGUA
1371|URB SHOPPING C GDE|MS|CAMPO GRANDE
1372|URB PACAEMBU|SP|SAO PAULO
1373|URB INTERNACIONAL|PR|FOZ DO IGUACU
1374|VARGEM GDE PAULISTA|SP|VARGEM GRANDE PAUL
1375|JANDIRA|SP|JANDIRA
1376|VARGEM GDE DO SUL|SP|VARGEM GRANDE DO S
1377|RIO NEGRO DO PARANA|PR|RIO NEGRO
1378|CRUZEIRO|SP|CRUZEIRO
1379|APARECIDA|SP|APARECIDA
1380|URB DOM PEDRO II|RS|PORTO ALEGRE
1381|URB ASSIS BRASIL|RS|PORTO ALEGRE
1382|ALVORADA|TO|ALVORADA
1383|OLINDA|PE|OLINDA
1384|TIJUCAS|SC|TIJUCAS
1385|IMBITUBA|SC|IMBITUBA
1386|STA CRUZ DO SUL|RS|SANTA CRUZ DO SUL
1387|CAIEIRAS|SP|CAIEIRAS
1388|RIO BONITO|RJ|RIO BONITO
1389|VARZEA PAULISTA|SP|VARZEA PAULISTA
1390|VASSOURAS|RJ|VASSOURAS
1391|URB MARQUES ABRANTES|RJ|RIO DE JANEIRO
1392|GUARAPARI|ES|GUARAPARI
1393|MOGI-GUACU|SP|MOGI-GUACU
1394|GUAXUPE|MG|GUAXUPE
1395|MONTE ALTO|SP|MONTE ALTO
1396|LAGUNA|SC|LAGUNA
1397|ICARA|SC|ICARA
1398|PORTO BELO|SC|PORTO BELO
1399|URB CANASVIEIRAS|SC|FLORIANOPOLIS
1400|SAPIRANGA|RS|SAPIRANGA
1401|PORTO FELIZ|SP|PORTO FELIZ
1403|URB REALENGO|RJ|RIO DE JANEIRO
1407|CORGUINHO|MS|CORGUINHO
1408|JARAGUARI|MS|JARAGUARI
1409|JATEI|MS|JATEI
1410|JUTI|MS|JUTI
1411|LADARIO|MS|LADARIO
1412|ROCHEDO|MS|ROCHEDO
1413|COMODORO|MT|COMODORO
1414|CANDEIAS|BA|CANDEIAS
1415|ESTEIO|RS|ESTEIO
1416|URB COLISEU|RS|PORTO ALEGRE
1417|URB LARGO DO TANQUE|BA|SALVADOR
1418|FRUTAL|MG|FRUTAL
1419|URB PAMPULHA|MG|BELO HORIZONTE
1420|S JOAO DEL REI|MG|SAO JOAO DEL REI
1421|CEL FABRICIANO|MG|CORONEL FABRICIANO
1422|PASSOS|MG|PASSOS
1423|ITAUNA|MG|ITAUNA
1424|URB MESQUITA|RJ|NOVA IGUACU
1425|URB AV F COSTA|MG|UBERABA
1426|STA VITORIA PALMAR|RS|SANTA VITORIA DO P
1427|GRAMADO|RS|GRAMADO
1429|IBEMA|PR|IBEMA
1433|TAQUARUSSU|MS|TAQUARUSSU
1438|VICENTINA|MS|VICENTINA
1439|SELVIRIA|MS|SELVIRIA
1440|PIEN|PR|PIEN
1444|XAMBRE|PR|XAMBRE
1453|SABAUDIA|PR|SABAUDIA
1454|DOIS IRMAOS BURITI|MS|DOIS IRMAOS DO BUR
1455|CARACOL|MS|CARACOL
1456|IVATUBA|PR|IVATUBA
1460|LUIZIANA|PR|LUIZIANA
1463|NOVA TEBAS|PR|NOVA TEBAS
1464|STO ANTONIO LEVERGER|MT|SANTO ANTONIO DO L
1466|PORTO ESPERIDIAO|MT|PORTO ESPERIDIAO
1467|NOVA OLIMPIA DO MT|MT|NOVA OLIMPIA
1469|FIGUEIROPOLIS DOESTE|MT|FIGUEIROPOLIS D'OE
1470|URB SHOPP V REDONDA|RJ|VOLTA REDONDA
1482|IBARAMA|RS|IBARAMA
1493|ADAMANTINA|SP|ADAMANTINA
1494|NANUQUE|MG|NANUQUE
1495|BARCARENA|PA|BARCARENA
1496|URB CABANAGEM|PA|BELEM
1497|URB MARIANO SALMERON|SE|ARACAJU
1498|URB S CLEMENTE|RJ|RIO DE JANEIRO
1499|URB N SENHORA DA PAZ|SP|SAO JOSE DO RIO PR
1500|LORENA|SP|LORENA
1501|STA RITA DO PARDO|MS|SANTA RITA DO PARD
1502|PAULISTA|PE|PAULISTA
1503|CLAUDIA|MT|CLAUDIA
1504|CANDIDO MOTA|SP|CANDIDO MOTA
1505|FRAIBURGO|SC|FRAIBURGO
1506|PAULO AFONSO|BA|PAULO AFONSO
1507|URB BOSQUE|AC|RIO BRANCO
1508|ANGRA DOS REIS|RJ|ANGRA DOS REIS
1509|URB MERC.S SEBASTIAO|RJ|RIO DE JANEIRO
1510|URB GENERAL CARNEIRO|SP|SOROCABA
1511|URB PERDIZES|SP|SAO PAULO
1512|LAGUNA CARAPA|MS|LAGUNA CARAPA
1513|CACHOEIRA DO SUL|RS|CACHOEIRA DO SUL
1514|URB BOULEVARD|SP|RIBEIRAO PRETO
1515|URB BROTAS|BA|SALVADOR
1516|ESTANCIA|SE|ESTANCIA
1517|URB CTO DA BARRA|RJ|RIO DE JANEIRO
1519|COSMOPOLIS|SP|COSMOPOLIS
1520|ITAPERUNA|RJ|ITAPERUNA
1521|URB CEASA IRAJA RJ|RJ|RIO DE JANEIRO
1522|ITAPOA|SC|ITAPOA
1523|OURO PRETO|MG|OURO PRETO
1524|URB RUA CHILE|BA|SALVADOR
1525|RIO DAS PEDRAS|SP|RIO DAS PEDRAS
1526|MONTENEGRO|RS|MONTENEGRO
1527|GUAIRA|SP|GUAIRA
1528|PETROLINA|PE|PETROLINA
1529|VITORIA DE STO ANTAO|PE|VITORIA DE SANTO A
1532|PORTO SEGURO|BA|PORTO SEGURO
1533|URB CEASA CURITIBA|PR|CURITIBA
1534|SOCORRO|SP|SOCORRO
1535|URB MENINO DEUS|RS|PORTO ALEGRE
1536|CAMAQUA|RS|CAMAQUA
1539|CABO|PE|CABO DE SANTO AGOS
1540|URB IMBIRIBEIRA|PE|RECIFE
1542|URB PEDRO MIRANDA|PA|BELEM
1543|PARACATU|MG|PARACATU
1544|JUSSARA|GO|JUSSARA
1547|UNAI|MG|UNAI
1548|S GABRIEL|RS|SAO GABRIEL
1549|VERA|MT|VERA
1550|URB IZAAC FERREIRA|PR|CURITIBA
1551|URB JD SOCIAL|PR|CURITIBA
1552|URB TRES AVENIDAS|SP|CAMPINAS
1553|DR. PEDRINHO|SC|DOUTOR PEDRINHO
1554|STA IZABEL|SP|SANTA ISABEL
1555|PARANHOS|MS|PARANHOS
1556|CTO ANANINDEUA|PA|ANANINDEUA
1557|VALENCA|RJ|VALENCA
1558|S JOAQUIM DA BARRA|SP|SAO JOAQUIM DA BAR
1559|ITUVERAVA|SP|ITUVERAVA
1561|URB PALACIO ARTES|MG|BELO HORIZONTE
1562|ITAPOLIS|SP|ITAPOLIS
1563|URB JD PAULISTA|SP|RIBEIRAO PRETO
1564|URB ALEM PONTE|SP|SOROCABA
1565|S LOURENCO|MG|SAO LOURENCO
1566|URB JD DO TREVO|SP|CAMPINAS
1567|URB PARQUE HALFELD|MG|JUIZ DE FORA
1568|SIMOES FILHO|BA|SIMOES FILHO
1569|DIAS D AVILA|BA|DIAS D'AVILA
1570|ITAPETINGA|BA|ITAPETINGA
1571|S SEBASTIAO PARAISO|MG|SAO SEBASTIAO DO P
1572|URB PARQUE PALMEIRAS|MT|CUIABA
1573|MORRO AGUDO|SP|MORRO AGUDO
1574|MENDES|RJ|MENDES
1576|MONTE MOR|SP|MONTE MOR
1577|GUANAMBI|BA|GUANAMBI
1578|JACOBINA|BA|JACOBINA
1579|PANAMBI|RS|PANAMBI
1581|TERENOS|MS|TERENOS
1582|BATAIPORA|MS|BATAYPORA
1583|DOURADINA|MS|DOURADINA
1584|BANDEIRANTES DO MS|MS|BANDEIRANTES
1585|INOCENCIA|MS|INOCENCIA
1586|ANTONIO JOAO|MS|ANTONIO JOAO
1587|ANGELICA|MS|ANGELICA
1588|RIBAS DO RIO PARDO|MS|RIBAS DO RIO PARDO
1589|ARAL MOREIRA|MS|ARAL MOREIRA
1590|AGUA CLARA|MS|AGUA CLARA
1591|STA FE DO SUL|SP|SANTA FE DO SUL
1592|URB HEITOR PENTEADO|SP|SAO PAULO
1593|SOBRADINHO|DF|BRASILIA (SOBRADIN
1594|GAMA|DF|BRASILIA (GAMA)
1595|CEILANDIA|DF|BRASILIA (CEILANDI
1597|CANDOI|PR|CANDOI
1598|PALMAS - TO|TO|PALMAS
1599|URB SERTORIO|RS|PORTO ALEGRE
1600|URB NOVA PORTO VELHO|RO|PORTO VELHO
1601|URB AV.AYRAO|AM|MANAUS
1602|ALFENAS|MG|ALFENAS
1603|PIRAPORA|MG|PIRAPORA
1604|CATAGUASES|MG|CATAGUASES
1605|ARAXA|MG|ARAXA
1606|URB FELIZ LUSITANIA|PA|BELEM
1607|URB VISCONDE PIRAJA|RJ|RIO DE JANEIRO
1609|URB OLEGARIO MACIEL|RJ|RIO DE JANEIRO
1610|URB GRACA|BA|SALVADOR
1611|URB VOLUNT.DA PATRIA|RJ|RIO DE JANEIRO
1612|URB UMARIZAL|PA|BELEM
1613|ARACRUZ|ES|ARACRUZ
1614|NOVA VENECIA|ES|NOVA VENECIA
1618|SOBRAL|CE|SOBRAL
1619|PIEDADE RECIFE|PE|JABOATAO DOS GUARA
1625|ALAGOINHAS|BA|ALAGOINHAS
1626|TOME ACU|PA|TOME-ACU
1627|URB VILA ISABEL|RJ|RIO DE JANEIRO
1628|S PEDRO DA ALDEIA|RJ|SAO PEDRO DA ALDEI
1629|URB AV PRES.VARGAS|SP|FRANCA
1630|URB PLAZA AV.SHOPPING|SP|SAO JOSE DO RIO PR
1631|PEREIRA BARRETO|SP|PEREIRA BARRETO
1632|DESCALVADO|SP|DESCALVADO
1633|S MANUEL|SP|SAO MANUEL
1634|MAGE|RJ|MAGE
1635|RANCHARIA|SP|RANCHARIA
1636|LENCOIS PAULISTA|SP|LENCOIS PAULISTA
1637|PEDERNEIRAS|SP|PEDERNEIRAS
1638|BARRA BONITA|SP|BARRA BONITA
1639|GARCA|SP|GARCA
1640|PARAGUACU PAULISTA|SP|PARAGUACU PAULISTA
1641|DRACENA|SP|DRACENA
1642|PRESIDENTE VENCESLAU|SP|PRESIDENTE VENCESL
1643|TIETE|SP|TIETE
1647|URB VILA GUILHERME|SP|SAO PAULO
1652|URB V OLIMPIA|SP|SAO PAULO
1654|URB PRQ DA UVA|SP|JUNDIAI
1656|URB AFONSO BRAS|SP|SAO PAULO
1657|URB STA CRUZ|RJ|RIO DE JANEIRO
1658|URB LARGO DA PENHA|RJ|RIO DE JANEIRO
1659|URB ALFONSO BOVERO|SP|SAO PAULO
1666|URB IMPERADOR|MG|BELO HORIZONTE
1671|URB PRACA SETE|MG|BELO HORIZONTE
1672|STA RITA DO SAPUCAI|MG|SANTA RITA DO SAPU
1678|TRAMANDAI|RS|TRAMANDAI
1679|JEQUIE|BA|JEQUIE
1685|S SEBASTIAO|SP|SAO SEBASTIAO
1686|CACAPAVA|SP|CACAPAVA
1687|URB CEAP|MS|CAMPO GRANDE
1688|SOUSA|PB|SOUSA
1690|PATOS|PB|PATOS
1692|QUATIS|RJ|QUATIS
1696|CARMO DE MINAS|MG|CARMO DE MINAS
1697|URB JOAO BETTEGA|PR|CURITIBA
1698|RIO AZUL|PR|RIO AZUL
1702|PIRAI DO SUL|PR|PIRAI DO SUL
1703|URB VERDE VALE|SC|BLUMENAU
1704|QUITANDINHA|PR|QUITANDINHA
1705|MANGUEIRINHA|PR|MANGUEIRINHA
1708|URB AV BRASILIA|PR|CURITIBA
1713|CARAGUATATUBA|SP|CARAGUATATUBA
1714|URB. NOSSA SENHORA DO CARMO|SP|CAMPINAS
1717|FAZENDA RIO GRANDE|PR|FAZENDA RIO GRANDE
1718|URB ANTONIO SALES|CE|FORTALEZA
1721|URB CAXANGA|PE|RECIFE
1723|BRUMADO|BA|BRUMADO
1724|VOLVO CIDADE INDUSTRIAL|PR|CURITIBA
1725|URB RECR BANDEIRANTE|RJ|RIO DE JANEIRO
1726|URB ILHA SHOPPING|RJ|RIO DE JANEIRO
1727|MIMOSO D'OESTE|BA|BARREIRAS
1729|JANDAIA DO SUL|PR|JANDAIA DO SUL
1730|TAPIRA|PR|TAPIRA
1731|ANASTACIO|MS|ANASTACIO
1732|URB. SHOPPING POPULAR|PR|CURITIBA
1733|PARAISO-COSTA RICA|MS|COSTA RICA
1735|SIEMENS CIC|PR|CURITIBA
1736|CRAVINHOS|SP|CRAVINHOS
1738|AGUAI|SP|AGUAI
1739|INOA|RJ|MARICA
1740|CALDAS NOVAS|GO|CALDAS NOVAS
1741|IPORA|GO|IPORA
1743|PIRES DO RIO|GO|PIRES DO RIO
1744|URB PEDRO LUDOVICO|GO|GOIANIA
1745|TRES RANCHOS|GO|TRES RANCHOS
1747|CARAMBEI|PR|CARAMBEI
1748|PUC-PR|PR|CURITIBA
1750|URB ASSEMBLEIA|MG|BELO HORIZONTE
1751|PARAISO DO NORTE|PR|PARAISO DO NORTE
1752|JUSSARA DO PARANA|PR|JUSSARA
1753|CALIFORNIA|PR|CALIFORNIA
1754|CAMBIRA|PR|CAMBIRA
1755|PEABIRU|PR|PEABIRU
1756|RIBEIRAO DO PINHAL|PR|RIBEIRAO DO PINHAL
1757|BOCAIUVA DO SUL|PR|BOCAIUVA DO SUL
1758|URB TUCURUVI|SP|SAO PAULO
1759|URB CASA VERDE|SP|SAO PAULO
1760|URB CONSOLACAO|SP|SAO PAULO
1761|URB V PRUDENTE|SP|SAO PAULO
1762|URB. JOAO PAULO|MA|SAO LUIS
1763|URB FAROL|AL|MACEIO
1764|URB AGAMENON MAGALHAES|PE|RECIFE
1765|SENHOR DO BONFIM|BA|SENHOR DO BONFIM
1767|CULTURAMA|MS|FATIMA DO SUL
1768|BACAXA|RJ|SAQUAREMA
1772|S JORGE D'OESTE|PR|SAO JORGE D'OESTE
1773|PLANALTO|PR|PLANALTO
1781|JURANDA|PR|JURANDA
1782|STA ISABEL DO IVAI|PR|SANTA ISABEL DO IV
1783|SERTANEJA|PR|SERTANEJA
1791|URB TATUAPE|SP|SAO PAULO
1793|AMERICO BRASILIENSE|SP|AMERICO BRASILIENS
1794|NOVO HORIZONTE|SP|NOVO HORIZONTE
1795|IRACEMAPOLIS|SP|IRACEMAPOLIS
1796|URB. CASA DA CULTURA|PE|RECIFE
1798|FLORESTOPOLIS|PR|FLORESTOPOLIS
1799|JARDIM ALEGRE|PR|JARDIM ALEGRE
1800|TIBAGI|PR|TIBAGI
1801|SANTA CRUZ M CASTELO|PR|SANTA CRUZ DE MONT
1802|URB HORTO|MG|IPATINGA
1804|BERTIOGA|SP|BERTIOGA
1806|URB CIDADE CANCAO|PR|MARINGA
1807|URB RAGUEB CHOHFI|SP|SAO PAULO
1810|URB CAMBUCI|SP|SAO PAULO
1811|CURITIBA PAB.|PR|CURITIBA
1813|URB.SAARA|RJ|RIO DE JANEIRO
1814|URB. RIO SHOPPING|RJ|RIO DE JANEIRO
1816|URB ARAGUAIA PALMAS|TO|PALMAS
1817|URB PORTO SECO|BA|SALVADOR
1820|8 DE SETEMBRO-URB.SP|SP|SAO PAULO
1822|VINHEDO|SP|VINHEDO
1823|URB BANGU|RJ|RIO DE JANEIRO
1830|TRIUNFO|RS|TRIUNFO
1833|NIOAQUE|MS|NIOAQUE
1834|TELEPAR MERCES|PR|CURITIBA
1835|URB CONSELH AGUIAR|PE|RECIFE
1836|URB.ABOLICAO|RJ|RIO DE JANEIRO
1837|NOVA ALVORADA DO SUL|MS|NOVA ALVORADA DO S
1838|PORTO MURTINHO|MS|PORTO MURTINHO
1839|GUIA LOPES DA LAGUNA|MS|GUIA LOPES DA LAGU
1840|ALCINOPOLIS|MS|ALCINOPOLIS
1841|NOVO HORIZONTE DO SUL|MS|NOVO HORIZONTE DO
1842|URB BEIRAMAR SHOP|SC|FLORIANOPOLIS
1843|MORUNGABA|SP|MORUNGABA
1844|URB. SAO LUCAS|MG|BELO HORIZONTE
1846|URB. BARAO DE MARUIN|SE|ARACAJU
1847|JAPORA|MS|JAPORA
1849|NOVA MUTUM|MT|NOVA MUTUM
1850|URB ITAIGARA|BA|SALVADOR
1852|URB. BERRINI|SP|SAO PAULO
1853|URB. VILA NOVA CACHOEIRIA|SP|SAO PAULO
1854|ANANAS|TO|ANANAS
1855|AUGUSTINOPOLIS|TO|AUGUSTINOPOLIS
1856|DIANOPOLIS|TO|DIANOPOLIS
1857|URB. BOURBON SHOPPING|RS|PORTO ALEGRE
1858|GUARANTA DO NORTE|MT|GUARANTA DO NORTE
1859|FORMOSO DO ARAGUAIA|TO|FORMOSO DO ARAGUAI
1860|URB. CEASA SAO GONCALO|RJ|SAO GONCALO
1863|ARAGUACU|TO|ARAGUACU
1864|CRISTALANDIA|TO|CRISTALANDIA
1865|ARAPOEMA|TO|ARAPOEMA
1866|TOCANTINOPOLIS|TO|TOCANTINOPOLIS
1867|TAGUATINGA|TO|TAGUATINGA
1868|ARRAIAS|TO|ARRAIAS
1872|URB.JOAO PAULO|MA|SAO LUIS
1873|URB.TAQUARALTO|TO|PALMAS
1874|VENANCIO AIRES|RS|VENANCIO AIRES
1875|PALMEIROPOLIS|TO|PALMEIROPOLIS
1876|URB.RIO OFF PRICE|RJ|RIO DE JANEIRO
1878|URB.DO NAVEGANTES|RS|PORTO ALEGRE
1879|URB NOVA PARAISO|SP|SAO PAULO
1880|CENTRO DE SERVICOS XAXIM|PR|CURITIBA
1881|URB.ITAPOA|BA|SALVADOR
1884|NATIVIDADE|TO|NATIVIDADE
1885|ARAGUATINS|TO|ARAGUATINS
1886|SAPEZAL|MT|SAPEZAL
1888|URB.TRADE CENTER|SP|SAO PAULO
1889|XAMBIOA|TO|XAMBIOA
1890|FILADELFIA|TO|FILADELFIA
1891|COLMEIA|TO|COLMEIA
1892|URB.AV.MATO GROSSO|MS|CAMPO GRANDE
1894|BREJINHO DE NAZARE|TO|BREJINHO DE NAZARE
1895|SILVANOPOLIS|TO|SILVANOPOLIS
1897|FIGUEIRAO|MS|CAMAPUA
1898|ANHANDUI|MS|CAMPO GRANDE
1899|ALMAS|TO|ALMAS
1900|BALNEARIO CAMBORIU|SC|BALNEARIO CAMBORIU
1902|URB. PORTO DE SANTOS|SP|SANTOS
1905|URB. JUSTICA FEDERAL|SP|SAO PAULO
1906|URB. TELEPORTO|RJ|RIO DE JANEIRO
1907|URB GMB S. JOSE DOS CAMPOS|SP|SAO JOSE DOS CAMPO
1908|COMBINADO|TO|COMBINADO
1909|GOIATINS|TO|GOIATINS
1910|FIGUEIROPOLIS|TO|FIGUEIROPOLIS
1911|CABREUVA|SP|CABREUVA
1912|URB VILA DIVA|SP|SAO PAULO
1913|PARANAGUA|PR|PARANAGUA
1914|URB OLIVEIRA BELLO|PR|CURITIBA
1915|URB AEROPORTO|PR|SAO JOSE DOS PINHA
1917|ALIANCA DO TOCANTINS|TO|ALIANCA DO TOCANTI
1918|URB MADUREIRA SHOPPING|RJ|RIO DE JANEIRO
1919|SAPUCAIA DO SUL|RS|SAPUCAIA DO SUL
1921|URB RUA DAS FLORES|PR|CURITIBA
1924|URB BIESP|SP|SAO PAULO
1925|URB ALTO DE PINHEIROS|SP|SAO PAULO
1926|URB BELVEDERE|MG|BELO HORIZONTE
1927|URB VILLA LOBOS|SP|SAO PAULO
1928|URB LUXEMBURGO|MG|BELO HORIZONTE
1929|URB.VILA PAULA|SP|SAO CAETANO DO SUL
1930|FREGUESIA DO O|SP|SAO PAULO
1931|URB.NAZARE|SP|SAO PAULO
1932|URB VILA STA.CATARINA|SP|SAO PAULO
1933|URB EXTRA ITAIM|SP|SAO PAULO
1934|URB DOWNTOWN|RJ|RIO DE JANEIRO
1935|URB ACLIMACAO|SP|SAO PAULO
1936|URB RIVIERA DE SAO LOURENCO|SP|BERTIOGA
1937|URB ADOLFO PINHEIRO|SP|SAO PAULO
1938|URB CIDADE JARDIM|RN|NATAL
1939|URB.504 NORTE|DF|BRASILIA
1940|URB TOWER|SP|SAO PAULO
1941|VIAMAO|RS|VIAMAO
1942|URB.BIG LONDRINA|PR|LONDRINA
1943|URB.ENSEADA|ES|VITORIA
1944|URB CANTA GALO|SP|MOGI-GUACU
1945|URB GRAMINHA|SP|LIMEIRA
1946|URB AV DONA RENATA|SP|ARARAS
1947|URB VILA BOM JESUS|SP|GUARULHOS
1948|URB AV MUTINGA|SP|SAO PAULO
1949|URB BIG VIA EXPRESSA|SC|FLORIANOPOLIS
1950|URB BIG FOZ|PR|FOZ DO IGUACU
1951|URB BIG CACHOEIRINHA|RS|CACHOEIRINHA
1952|URB BIG STA.FELICIDADE|PR|CURITIBA
1953|URB BIG BLUMENAU|SC|BLUMENAU
1954|BIG ALVORADA|RS|ALVORADA
1955|URB.RONDON PLAZA SHOPPING|MT|RONDONOPOLIS
1956|URB PATIO BELEM|PA|BELEM
1957|URB ALTOS DE CPA|MT|CUIABA
1958|URB SHOPPING IBIRAPUERA|SP|SAO PAULO
1959|URB OGMO VICENTE DE CARVALHO|SP|GUARUJA
1960|URB.PRAIA DE BELAS|RS|PORTO ALEGRE
1961|URB BIG PIRACICABA|SP|PIRACICABA
1962|URB BIG AMERICANA|SP|AMERICANA
1963|URB NOVA SUMARE|SP|SAO PAULO
1964|URB PLANALTO|MG|BELO HORIZONTE
1965|URB MOGI SHOPPING CENTER|SP|MOGI DAS CRUZES
1966|URB BIENAL|SP|SAO PAULO
1967|GUAIBA|RS|GUAIBA
1968|URB.AV.DAS AMERICAS|RJ|RIO DE JANEIRO
1969|URB TOWER SEG INVESTIDOR|SP|SAO PAULO
1970|URB.REPUBLICA DO LIBANO|GO|GOIANIA
1971|URB DASLU|SP|SAO PAULO
1972|NIELSON JOINVILLE|SC|JOINVILLE
1974|CENTRAL PAB.CURITIBA|PR|CURITIBA
1985|VOITH P. JARAGUA|SP|SAO PAULO
1991|URB SHOPPING ESTAçAO|PR|CURITIBA
1992|LUCAS DO RIO VERDE|MT|LUCAS DO RIO VERDE
1995|PREFEITURA MUNICIPALCURITIBA|PR|CURITIBA
1996|URB HAUER|PR|CURITIBA
1998|URB BARREIRO|MG|BELO HORIZONTE
2000|URB SHOPPING ANALIA FRANCO|SP|SAO PAULO
2001|URB. JARDIM SATELITE|SP|SAO JOSE DOS CAMPO
2002|URB SAO LUCAS|MG|BELO HORIZONTE
2003|LUIS EDUARDO MAGALHAES|BA|LUIS EDUARDO MAGAL
2004|ITABIRITO|MG|ITABIRITO
2005|URB HSBC PREMIER CENTRE SP|SP|SAO PAULO
2006|URB USP - SP|SP|SAO PAULO
2007|CEILANDIA|DF|BRASILIA (CEILANDI
2008|JAGUARIUNA|SP|JAGUARIUNA
2009|NOVA MUTUM|MT|NOVA MUTUM
2010|URB SALVADOR SHOPPING|BA|SALVADOR
2011|PRATA|MG|PRATA
2012|URB SHOPPING CIDADE JARDIM|SP|SAO PAULO
2013|PONTA PORA|MS|PONTA PORA
2014|NAVEGANTES|SC|NAVEGANTES
2015|ROLIM DE MOURA|RO|ROLIM DE MOURA
2016|CAARAPO|MS|CAARAPO
2017|CAMPO NOVO DO PARECIS|MT|CAMPO NOVO DO PARE
2018|CANARANA|MT|CANARANA
2019|URB SHOPPING JARDIM SUL|SP|SAO PAULO
2020|URB SUDOESTE|DF|BRASILIA
2021|RIO BRILHANTE|MS|RIO BRILHANTE
2022|URB AV.VASCONCELOS COSTA|MG|UBERLANDIA
2023|GOIANESIA|GO|GOIANESIA
2024|URB OSCAR FREIRE|SP|SAO PAULO
2025|URB MANGABEIRAS|MG|BELO HORIZONTE
2026|URB JARDIM BOTANICO|RJ|RIO DE JANEIRO
2027|URB JULIO DE MESQUITA|SP|CAMPINAS
2028|URB RENASCENCA|MA|SAO LUIS
2029|CENTRO SAO GONCALO|RJ|SAO GONCALO
2030|URB AV COMERCIAL SUL|DF|BRASILIA (TAGUATIN
2031|URB-PREMIER CENTRE ANGELICA|SP|SAO PAULO
2032|SAO SEBASTIAO DO PONTAL|MG|CARNEIRINHO
2033|URB CAVALEIROS|RJ|MACAE
2399|DELPHI PARAISOPOLIS|MG|PARAISOPOLIS
2400|APARECIDA DE GOIANIA|GO|APARECIDA DE GOIAN
2401|CENTRO SERV.SEARJ VINC.URUGUAI|RJ|NITEROI
2402|CENTRO DE SERVICOS MARILIA|SP|MARILIA
2403|CENTRO DE SERVICOS UBERLANDIA|MG|UBERLANDIA
2404|CENTRO DE SERVICOS PATO BRANCO|PR|PATO BRANCO
2412|DROGARIAS STA MARTA|GO|APARECIDA DE GOIAN
2415|CENTRO DE SERVICOS XAXIM V|PR|CURITIBA
2417|PREF.MUNICIPAL TOCOS DO MOJI|MG|TOCOS DO MOJI
2418|PREF MUNICIPAL DE CARNEIRINHO|MG|CARNEIRINHO
2419|PREF MUNICIPAL DE GRUPIARA|MG|GRUPIARA
2420|CENTRO DE SERVICOS LONDRINA II|PR|LONDRINA
2421|CENTRO SERV.OLIVEIRA BELLO II|PR|CURITIBA
2422|CENTRO DE SERVICOS CASP VII|SP|SAO PAULO
2423|PAB VIAOESTE S.A|SP|SAO ROQUE
2424|CENTRO DE SERVICOS RIO CLARO|SP|RIO CLARO
2425|PREFEITURA MUNIC BRASOPOLIS|MG|BRASOPOLIS
2426|PREFEITURA MUNIC CASCALHO RICO|MG|CASCALHO RICO
2427|CENTRO DE SERV.OLIVEIRA BELLO|PR|CURITIBA
2428|CENTRO DE SERV.RIB.PRETO II|SP|RIBEIRAO PRETO
2430|LIMEIRA DO OESTE|MG|LIMEIRA DO OESTE
2431|CENTRO SERVICO CAMPO GRANDE II|MS|CAMPO GRANDE
2432|CENTRO DE SERVICOS B.HORIZ.II|MG|BELO HORIZONTE
2433|CENTRO DE SERVICOS SEARJ_III|RJ|RIO DE JANEIRO
2434|CENTRO DE SERVICOS SALVADOR II|BA|SALVADOR
2435|CENTRO SERV.S.PAULO LESTE III|SP|SAO PAULO
2436|CENTRO DE SERVICOS GOIANIA II|GO|GOIANIA
2438|CENTRO DE SERVICOS ABC III|SP|SANTO ANDRE
2440|PREFEITURA DE MANGARATIBA|RJ|MANGARATIBA
2441|CENTRO DE SERV.VALINHOS II|SP|VALINHOS
2443|PAB UNIAO DE MINAS|MG|UNIAO DE MINAS
2444|CENTRO DE SERVIÇOS SEARJ II|RJ|RIO DE JANEIRO
2445|CENTRO DE SERV.PORTO ALEGRE II|RS|PORTO ALEGRE
2446|CENTRO DE SERVICOS ABC II|SP|SANTO ANDRE
2447|CENTRO DE SERVICOS CAPS V|SP|SAO PAULO
2448|CENTRO DE SERVICOS CASP IV|SP|SAO PAULO
2449|TESOURARIA BRASIL RMO|SP|SAO PAULO
2451|CENTRO DE SERVICOS XAXIM III|PR|CURITIBA
2454|CENTRO DE SERVICOS SEARJ IV|RJ|RIO DE JANEIRO
2455|CENTRO DE SERV.S.PAULO LESTEII|SP|SAO PAULO
2456|PREFEITURA DE GUAPIMIRIM|RJ|GUAPIMIRIM
2457|CENTRO DE SERVICOS RIO CLARO|SP|RIO CLARO
2458|CENTRO SERV. S.JOSE DOS CAMPOS|SP|SAO JOSE DOS CAMPO
2459|CENTRO DE SERVICOS BLUMENAU|SC|BLUMENAU
2460|CENTRO DE SERVICOS XAXIM II|PR|CURITIBA
2462|CENTRO DE SERVICOS ITAJAI SC|SC|ITAJAI
2463|CENTRO DE SERVICOS FOZ IGUACU|PR|FOZ DO IGUACU
2464|CENTRO DE SERVICOS CASCAVEL|PR|CASCAVEL
2465|CENTRO DE SERVICOS FORTALEZA|CE|FORTALEZA
2467|CENTRO DE SERV.SAO JOSE SC|SC|SAO JOSE
2469|CENTRO SERVICOS RIBEIRAO PRETO|SP|RIBEIRAO PRETO
2470|CENTRO DE SERVICOS CASP|SP|SAO PAULO
2471|CENTRO SERVICOS SP ZONA LESTEI|SP|SAO PAULO
2472|CENTRO DE SERVICOS CASP III|SP|SAO PAULO
2473|CENTRO DE SERVICOS BRASILIA|DF|BRASILIA
2474|CENTRO DE SERV.SAO LUIS|MA|SAO LUIS
2475|CENTRO DE SERVICOS RECIFE|PE|RECIFE
2477|CENTRO DE SERVICO SEARJ|RJ|RIO DE JANEIRO
2480|CENTRO DE SERVICOS SEARJ VI|RJ|RIO DE JANEIRO
2482|CENTRO SERV.VITORIA|ES|VITORIA
2483|CENTRO DE SERVICOS CUIABA|MT|CUIABA
2484|CENTRO SERV.S.JOSE RIO PRETO|SP|SAO JOSE DO RIO PR
2485|CENTRO DE SERVICOS SALVADOR|BA|SALVADOR
2486|CENTRO SERVICOS_GOIANIA|GO|GOIANIA
2487|CENTRO DE SERVICOS VALINHOS|SP|VALINHOS
2488|CENTRO DE SERVICOS MANAUS|AM|MANAUS
2489|CENTRO DE SERVICOS CAMPO GRAND|MS|CAMPO GRANDE
2490|CENTRO DE SERVICOS BELO HORIZO|MG|BELO HORIZONTE
2491|CENTRO DE SERVICOS PORTO ALEGR|RS|PORTO ALEGRE
2492|CENTRO DE SERVICOS MARINGA|PR|MARINGA
2493|CENTRO DE SERVICOS LONDRINA|PR|LONDRINA
2494|PREFEITURA MUNICIPAL GUARACI|PR|GUARACI
2495|CENTRO DE SERVICOS BELEM|PA|BELEM
2496|RIOCELL GUAIBA|RS|GUAIBA
2498|CENTRO DE SERVICOS ABC|SP|SANTO ANDRE
2499|DELPHI JAMBEIRO|SP|JAMBEIRO
2500|SARZEDO|MG|SARZEDO
2515|DELPHI AUTOMOTIVE LTDA|MG|ITABIRITO
2525|PAB KIMBERLY CLARK|RS|ELDORADO DO SUL
2669|PREF. DE RIANOPOLIS|GO|RIANAPOLIS
2695|PREF HERVAL DO OESTE|SC|HERVAL D'OESTE
2698|CIA THERMAS RIO QUENTE|GO|RIO QUENTE
2921|PILOTO MATRIZ|PR|CURITIBA
2970|SANTA RITA|PB|SANTA RITA
3038|AG CB PR SUL I|PR|CURITIBA
3353|PREF DE TEREZOPOLIS DE GOIAS|GO|TEREZOPOLIS DE GOI
3572|SADIA S/A TRES PASSOS|RS|TRES PASSOS
3628|DELL COMPUTADORES DO BRASIL LT|SP|HORTOLANDIA
3692|PREFEITURA ARAGOIANIA|GO|ARAGOIANIA
3759|PREF DE CACHOEIRA DOURADA|MG|CACHOEIRA DOURADA
3890|WASHINGTON DC OFFICE|EX|WASHINTON DC
3891|LONDON|EX|LONDON
3942|SADIA S/A BRASILIA|DF|BRASILIA